product_code_01,product_name_1,category_1
product_code_02,product_name_2,category_2
product_code_03,product_name_3,category_3
product_code_04,product_name_4,category_4
product_code_05,product_name_5,category_0
product_code_06,product_name_6,category_1
product_code_07,product_name_7,category_2
product_code_08,product_name_8,category_3
product_code_09,product_name_9,category_4
product_code_010,product_name_10,category_0
product_code_011,product_name_11,category_1
product_code_012,product_name_12,category_2
product_code_013,product_name_13,category_3
product_code_014,product_name_14,category_4
product_code_015,product_name_15,category_0
product_code_016,product_name_16,category_1
product_code_017,product_name_17,category_2
product_code_018,product_name_18,category_3
product_code_019,product_name_19,category_4
product_code_020,product_name_20,category_0
product_code_021,product_name_21,category_1
product_code_022,product_name_22,category_2
product_code_023,product_name_23,category_3
product_code_024,product_name_24,category_4
product_code_025,product_name_25,category_0
product_code_026,product_name_26,category_1
product_code_027,product_name_27,category_2
product_code_028,product_name_28,category_3
product_code_029,product_name_29,category_4
product_code_030,product_name_30,category_0
product_code_031,product_name_31,category_1
product_code_032,product_name_32,category_2
product_code_033,product_name_33,category_3
product_code_034,product_name_34,category_4
product_code_035,product_name_35,category_0
product_code_036,product_name_36,category_1
product_code_037,product_name_37,category_2
product_code_038,product_name_38,category_3
product_code_039,product_name_39,category_4
product_code_040,product_name_40,category_0
product_code_041,product_name_41,category_1
product_code_042,product_name_42,category_2
product_code_043,product_name_43,category_3
product_code_044,product_name_44,category_4
product_code_045,product_name_45,category_0
product_code_046,product_name_46,category_1
product_code_047,product_name_47,category_2
product_code_048,product_name_48,category_3
product_code_049,product_name_49,category_4
product_code_050,product_name_50,category_0
product_code_051,product_name_51,category_1
product_code_052,product_name_52,category_2
product_code_053,product_name_53,category_3
product_code_054,product_name_54,category_4
product_code_055,product_name_55,category_0
product_code_056,product_name_56,category_1
product_code_057,product_name_57,category_2
product_code_058,product_name_58,category_3
product_code_059,product_name_59,category_4
product_code_060,product_name_60,category_0
product_code_061,product_name_61,category_1
product_code_062,product_name_62,category_2
product_code_063,product_name_63,category_3
product_code_064,product_name_64,category_4
product_code_065,product_name_65,category_0
product_code_066,product_name_66,category_1
product_code_067,product_name_67,category_2
product_code_068,product_name_68,category_3
product_code_069,product_name_69,category_4
product_code_070,product_name_70,category_0
product_code_071,product_name_71,category_1
product_code_072,product_name_72,category_2
product_code_073,product_name_73,category_3
product_code_074,product_name_74,category_4
product_code_075,product_name_75,category_0
product_code_076,product_name_76,category_1
product_code_077,product_name_77,category_2
product_code_078,product_name_78,category_3
product_code_079,product_name_79,category_4
product_code_080,product_name_80,category_0
product_code_081,product_name_81,category_1
product_code_082,product_name_82,category_2
product_code_083,product_name_83,category_3
product_code_084,product_name_84,category_4
product_code_085,product_name_85,category_0
product_code_086,product_name_86,category_1
product_code_087,product_name_87,category_2
product_code_088,product_name_88,category_3
product_code_089,product_name_89,category_4
product_code_090,product_name_90,category_0
product_code_091,product_name_91,category_1
product_code_092,product_name_92,category_2
product_code_093,product_name_93,category_3
product_code_094,product_name_94,category_4
product_code_095,product_name_95,category_0
product_code_096,product_name_96,category_1
product_code_097,product_name_97,category_2
product_code_098,product_name_98,category_3
product_code_099,product_name_99,category_4
product_code_0100,product_name_100,category_0
product_code_0101,product_name_101,category_1
product_code_0102,product_name_102,category_2
product_code_0103,product_name_103,category_3
product_code_0104,product_name_104,category_4
product_code_0105,product_name_105,category_0
product_code_0106,product_name_106,category_1
product_code_0107,product_name_107,category_2
product_code_0108,product_name_108,category_3
product_code_0109,product_name_109,category_4
product_code_0110,product_name_110,category_0
product_code_0111,product_name_111,category_1
product_code_0112,product_name_112,category_2
product_code_0113,product_name_113,category_3
product_code_0114,product_name_114,category_4
product_code_0115,product_name_115,category_0
product_code_0116,product_name_116,category_1
product_code_0117,product_name_117,category_2
product_code_0118,product_name_118,category_3
product_code_0119,product_name_119,category_4
product_code_0120,product_name_120,category_0
product_code_0121,product_name_121,category_1
product_code_0122,product_name_122,category_2
product_code_0123,product_name_123,category_3
product_code_0124,product_name_124,category_4
product_code_0125,product_name_125,category_0
product_code_0126,product_name_126,category_1
product_code_0127,product_name_127,category_2
product_code_0128,product_name_128,category_3
product_code_0129,product_name_129,category_4
product_code_0130,product_name_130,category_0
product_code_0131,product_name_131,category_1
product_code_0132,product_name_132,category_2
product_code_0133,product_name_133,category_3
product_code_0134,product_name_134,category_4
product_code_0135,product_name_135,category_0
product_code_0136,product_name_136,category_1
product_code_0137,product_name_137,category_2
product_code_0138,product_name_138,category_3
product_code_0139,product_name_139,category_4
product_code_0140,product_name_140,category_0
product_code_0141,product_name_141,category_1
product_code_0142,product_name_142,category_2
product_code_0143,product_name_143,category_3
product_code_0144,product_name_144,category_4
product_code_0145,product_name_145,category_0
product_code_0146,product_name_146,category_1
product_code_0147,product_name_147,category_2
product_code_0148,product_name_148,category_3
product_code_0149,product_name_149,category_4
product_code_0150,product_name_150,category_0
product_code_0151,product_name_151,category_1
product_code_0152,product_name_152,category_2
product_code_0153,product_name_153,category_3
product_code_0154,product_name_154,category_4
product_code_0155,product_name_155,category_0
product_code_0156,product_name_156,category_1
product_code_0157,product_name_157,category_2
product_code_0158,product_name_158,category_3
product_code_0159,product_name_159,category_4
product_code_0160,product_name_160,category_0
product_code_0161,product_name_161,category_1
product_code_0162,product_name_162,category_2
product_code_0163,product_name_163,category_3
product_code_0164,product_name_164,category_4
product_code_0165,product_name_165,category_0
product_code_0166,product_name_166,category_1
product_code_0167,product_name_167,category_2
product_code_0168,product_name_168,category_3
product_code_0169,product_name_169,category_4
product_code_0170,product_name_170,category_0
product_code_0171,product_name_171,category_1
product_code_0172,product_name_172,category_2
product_code_0173,product_name_173,category_3
product_code_0174,product_name_174,category_4
product_code_0175,product_name_175,category_0
product_code_0176,product_name_176,category_1
product_code_0177,product_name_177,category_2
product_code_0178,product_name_178,category_3
product_code_0179,product_name_179,category_4
product_code_0180,product_name_180,category_0
product_code_0181,product_name_181,category_1
product_code_0182,product_name_182,category_2
product_code_0183,product_name_183,category_3
product_code_0184,product_name_184,category_4
product_code_0185,product_name_185,category_0
product_code_0186,product_name_186,category_1
product_code_0187,product_name_187,category_2
product_code_0188,product_name_188,category_3
product_code_0189,product_name_189,category_4
product_code_0190,product_name_190,category_0
product_code_0191,product_name_191,category_1
product_code_0192,product_name_192,category_2
product_code_0193,product_name_193,category_3
product_code_0194,product_name_194,category_4
product_code_0195,product_name_195,category_0
product_code_0196,product_name_196,category_1
product_code_0197,product_name_197,category_2
product_code_0198,product_name_198,category_3
product_code_0199,product_name_199,category_4
product_code_0200,product_name_200,category_0
product_code_0201,product_name_201,category_1
product_code_0202,product_name_202,category_2
product_code_0203,product_name_203,category_3
product_code_0204,product_name_204,category_4
product_code_0205,product_name_205,category_0
product_code_0206,product_name_206,category_1
product_code_0207,product_name_207,category_2
product_code_0208,product_name_208,category_3
product_code_0209,product_name_209,category_4
product_code_0210,product_name_210,category_0
product_code_0211,product_name_211,category_1
product_code_0212,product_name_212,category_2
product_code_0213,product_name_213,category_3
product_code_0214,product_name_214,category_4
product_code_0215,product_name_215,category_0
product_code_0216,product_name_216,category_1
product_code_0217,product_name_217,category_2
product_code_0218,product_name_218,category_3
product_code_0219,product_name_219,category_4
product_code_0220,product_name_220,category_0
product_code_0221,product_name_221,category_1
product_code_0222,product_name_222,category_2
product_code_0223,product_name_223,category_3
product_code_0224,product_name_224,category_4
product_code_0225,product_name_225,category_0
product_code_0226,product_name_226,category_1
product_code_0227,product_name_227,category_2
product_code_0228,product_name_228,category_3
product_code_0229,product_name_229,category_4
product_code_0230,product_name_230,category_0
product_code_0231,product_name_231,category_1
product_code_0232,product_name_232,category_2
product_code_0233,product_name_233,category_3
product_code_0234,product_name_234,category_4
product_code_0235,product_name_235,category_0
product_code_0236,product_name_236,category_1
product_code_0237,product_name_237,category_2
product_code_0238,product_name_238,category_3
product_code_0239,product_name_239,category_4
product_code_0240,product_name_240,category_0
product_code_0241,product_name_241,category_1
product_code_0242,product_name_242,category_2
product_code_0243,product_name_243,category_3
product_code_0244,product_name_244,category_4
product_code_0245,product_name_245,category_0
product_code_0246,product_name_246,category_1
product_code_0247,product_name_247,category_2
product_code_0248,product_name_248,category_3
product_code_0249,product_name_249,category_4
product_code_0250,product_name_250,category_0
product_code_0251,product_name_251,category_1
product_code_0252,product_name_252,category_2
product_code_0253,product_name_253,category_3
product_code_0254,product_name_254,category_4
product_code_0255,product_name_255,category_0
product_code_0256,product_name_256,category_1
product_code_0257,product_name_257,category_2
product_code_0258,product_name_258,category_3
product_code_0259,product_name_259,category_4
product_code_0260,product_name_260,category_0
product_code_0261,product_name_261,category_1
product_code_0262,product_name_262,category_2
product_code_0263,product_name_263,category_3
product_code_0264,product_name_264,category_4
product_code_0265,product_name_265,category_0
product_code_0266,product_name_266,category_1
product_code_0267,product_name_267,category_2
product_code_0268,product_name_268,category_3
product_code_0269,product_name_269,category_4
product_code_0270,product_name_270,category_0
product_code_0271,product_name_271,category_1
product_code_0272,product_name_272,category_2
product_code_0273,product_name_273,category_3
product_code_0274,product_name_274,category_4
product_code_0275,product_name_275,category_0
product_code_0276,product_name_276,category_1
product_code_0277,product_name_277,category_2
product_code_0278,product_name_278,category_3
product_code_0279,product_name_279,category_4
product_code_0280,product_name_280,category_0
product_code_0281,product_name_281,category_1
product_code_0282,product_name_282,category_2
product_code_0283,product_name_283,category_3
product_code_0284,product_name_284,category_4
product_code_0285,product_name_285,category_0
product_code_0286,product_name_286,category_1
product_code_0287,product_name_287,category_2
product_code_0288,product_name_288,category_3
product_code_0289,product_name_289,category_4
product_code_0290,product_name_290,category_0
product_code_0291,product_name_291,category_1
product_code_0292,product_name_292,category_2
product_code_0293,product_name_293,category_3
product_code_0294,product_name_294,category_4
product_code_0295,product_name_295,category_0
product_code_0296,product_name_296,category_1
product_code_0297,product_name_297,category_2
product_code_0298,product_name_298,category_3
product_code_0299,product_name_299,category_4
product_code_0300,product_name_300,category_0
product_code_0301,product_name_301,category_1
product_code_0302,product_name_302,category_2
product_code_0303,product_name_303,category_3
product_code_0304,product_name_304,category_4
product_code_0305,product_name_305,category_0
product_code_0306,product_name_306,category_1
product_code_0307,product_name_307,category_2
product_code_0308,product_name_308,category_3
product_code_0309,product_name_309,category_4
product_code_0310,product_name_310,category_0
product_code_0311,product_name_311,category_1
product_code_0312,product_name_312,category_2
product_code_0313,product_name_313,category_3
product_code_0314,product_name_314,category_4
product_code_0315,product_name_315,category_0
product_code_0316,product_name_316,category_1
product_code_0317,product_name_317,category_2
product_code_0318,product_name_318,category_3
product_code_0319,product_name_319,category_4
product_code_0320,product_name_320,category_0
product_code_0321,product_name_321,category_1
product_code_0322,product_name_322,category_2
product_code_0323,product_name_323,category_3
product_code_0324,product_name_324,category_4
product_code_0325,product_name_325,category_0
product_code_0326,product_name_326,category_1
product_code_0327,product_name_327,category_2
product_code_0328,product_name_328,category_3
product_code_0329,product_name_329,category_4
product_code_0330,product_name_330,category_0
product_code_0331,product_name_331,category_1
product_code_0332,product_name_332,category_2
product_code_0333,product_name_333,category_3
product_code_0334,product_name_334,category_4
product_code_0335,product_name_335,category_0
product_code_0336,product_name_336,category_1
product_code_0337,product_name_337,category_2
product_code_0338,product_name_338,category_3
product_code_0339,product_name_339,category_4
product_code_0340,product_name_340,category_0
product_code_0341,product_name_341,category_1
product_code_0342,product_name_342,category_2
product_code_0343,product_name_343,category_3
product_code_0344,product_name_344,category_4
product_code_0345,product_name_345,category_0
product_code_0346,product_name_346,category_1
product_code_0347,product_name_347,category_2
product_code_0348,product_name_348,category_3
product_code_0349,product_name_349,category_4
product_code_0350,product_name_350,category_0
product_code_0351,product_name_351,category_1
product_code_0352,product_name_352,category_2
product_code_0353,product_name_353,category_3
product_code_0354,product_name_354,category_4
product_code_0355,product_name_355,category_0
product_code_0356,product_name_356,category_1
product_code_0357,product_name_357,category_2
product_code_0358,product_name_358,category_3
product_code_0359,product_name_359,category_4
product_code_0360,product_name_360,category_0
product_code_0361,product_name_361,category_1
product_code_0362,product_name_362,category_2
product_code_0363,product_name_363,category_3
product_code_0364,product_name_364,category_4
product_code_0365,product_name_365,category_0
product_code_0366,product_name_366,category_1
product_code_0367,product_name_367,category_2
product_code_0368,product_name_368,category_3
product_code_0369,product_name_369,category_4
product_code_0370,product_name_370,category_0
product_code_0371,product_name_371,category_1
product_code_0372,product_name_372,category_2
product_code_0373,product_name_373,category_3
product_code_0374,product_name_374,category_4
product_code_0375,product_name_375,category_0
product_code_0376,product_name_376,category_1
product_code_0377,product_name_377,category_2
product_code_0378,product_name_378,category_3
product_code_0379,product_name_379,category_4
product_code_0380,product_name_380,category_0
product_code_0381,product_name_381,category_1
product_code_0382,product_name_382,category_2
product_code_0383,product_name_383,category_3
product_code_0384,product_name_384,category_4
product_code_0385,product_name_385,category_0
product_code_0386,product_name_386,category_1
product_code_0387,product_name_387,category_2
product_code_0388,product_name_388,category_3
product_code_0389,product_name_389,category_4
product_code_0390,product_name_390,category_0
product_code_0391,product_name_391,category_1
product_code_0392,product_name_392,category_2
product_code_0393,product_name_393,category_3
product_code_0394,product_name_394,category_4
product_code_0395,product_name_395,category_0
product_code_0396,product_name_396,category_1
product_code_0397,product_name_397,category_2
product_code_0398,product_name_398,category_3
product_code_0399,product_name_399,category_4
product_code_0400,product_name_400,category_0
product_code_0401,product_name_401,category_1
product_code_0402,product_name_402,category_2
product_code_0403,product_name_403,category_3
product_code_0404,product_name_404,category_4
product_code_0405,product_name_405,category_0
product_code_0406,product_name_406,category_1
product_code_0407,product_name_407,category_2
product_code_0408,product_name_408,category_3
product_code_0409,product_name_409,category_4
product_code_0410,product_name_410,category_0
product_code_0411,product_name_411,category_1
product_code_0412,product_name_412,category_2
product_code_0413,product_name_413,category_3
product_code_0414,product_name_414,category_4
product_code_0415,product_name_415,category_0
product_code_0416,product_name_416,category_1
product_code_0417,product_name_417,category_2
product_code_0418,product_name_418,category_3
product_code_0419,product_name_419,category_4
product_code_0420,product_name_420,category_0
product_code_0421,product_name_421,category_1
product_code_0422,product_name_422,category_2
product_code_0423,product_name_423,category_3
product_code_0424,product_name_424,category_4
product_code_0425,product_name_425,category_0
product_code_0426,product_name_426,category_1
product_code_0427,product_name_427,category_2
product_code_0428,product_name_428,category_3
product_code_0429,product_name_429,category_4
product_code_0430,product_name_430,category_0
product_code_0431,product_name_431,category_1
product_code_0432,product_name_432,category_2
product_code_0433,product_name_433,category_3
product_code_0434,product_name_434,category_4
product_code_0435,product_name_435,category_0
product_code_0436,product_name_436,category_1
product_code_0437,product_name_437,category_2
product_code_0438,product_name_438,category_3
product_code_0439,product_name_439,category_4
product_code_0440,product_name_440,category_0
product_code_0441,product_name_441,category_1
product_code_0442,product_name_442,category_2
product_code_0443,product_name_443,category_3
product_code_0444,product_name_444,category_4
product_code_0445,product_name_445,category_0
product_code_0446,product_name_446,category_1
product_code_0447,product_name_447,category_2
product_code_0448,product_name_448,category_3
product_code_0449,product_name_449,category_4
product_code_0450,product_name_450,category_0
product_code_0451,product_name_451,category_1
product_code_0452,product_name_452,category_2
product_code_0453,product_name_453,category_3
product_code_0454,product_name_454,category_4
product_code_0455,product_name_455,category_0
product_code_0456,product_name_456,category_1
product_code_0457,product_name_457,category_2
product_code_0458,product_name_458,category_3
product_code_0459,product_name_459,category_4
product_code_0460,product_name_460,category_0
product_code_0461,product_name_461,category_1
product_code_0462,product_name_462,category_2
product_code_0463,product_name_463,category_3
product_code_0464,product_name_464,category_4
product_code_0465,product_name_465,category_0
product_code_0466,product_name_466,category_1
product_code_0467,product_name_467,category_2
product_code_0468,product_name_468,category_3
product_code_0469,product_name_469,category_4
product_code_0470,product_name_470,category_0
product_code_0471,product_name_471,category_1
product_code_0472,product_name_472,category_2
product_code_0473,product_name_473,category_3
product_code_0474,product_name_474,category_4
product_code_0475,product_name_475,category_0
product_code_0476,product_name_476,category_1
product_code_0477,product_name_477,category_2
product_code_0478,product_name_478,category_3
product_code_0479,product_name_479,category_4
product_code_0480,product_name_480,category_0
product_code_0481,product_name_481,category_1
product_code_0482,product_name_482,category_2
product_code_0483,product_name_483,category_3
product_code_0484,product_name_484,category_4
product_code_0485,product_name_485,category_0
product_code_0486,product_name_486,category_1
product_code_0487,product_name_487,category_2
product_code_0488,product_name_488,category_3
product_code_0489,product_name_489,category_4
product_code_0490,product_name_490,category_0
product_code_0491,product_name_491,category_1
product_code_0492,product_name_492,category_2
product_code_0493,product_name_493,category_3
product_code_0494,product_name_494,category_4
product_code_0495,product_name_495,category_0
product_code_0496,product_name_496,category_1
product_code_0497,product_name_497,category_2
product_code_0498,product_name_498,category_3
product_code_0499,product_name_499,category_4
product_code_0500,product_name_500,category_0
product_code_0501,product_name_501,category_1
product_code_0502,product_name_502,category_2
product_code_0503,product_name_503,category_3
product_code_0504,product_name_504,category_4
product_code_0505,product_name_505,category_0
product_code_0506,product_name_506,category_1
product_code_0507,product_name_507,category_2
product_code_0508,product_name_508,category_3
product_code_0509,product_name_509,category_4
product_code_0510,product_name_510,category_0
product_code_0511,product_name_511,category_1
product_code_0512,product_name_512,category_2
product_code_0513,product_name_513,category_3
product_code_0514,product_name_514,category_4
product_code_0515,product_name_515,category_0
product_code_0516,product_name_516,category_1
product_code_0517,product_name_517,category_2
product_code_0518,product_name_518,category_3
product_code_0519,product_name_519,category_4
product_code_0520,product_name_520,category_0
product_code_0521,product_name_521,category_1
product_code_0522,product_name_522,category_2
product_code_0523,product_name_523,category_3
product_code_0524,product_name_524,category_4
product_code_0525,product_name_525,category_0
product_code_0526,product_name_526,category_1
product_code_0527,product_name_527,category_2
product_code_0528,product_name_528,category_3
product_code_0529,product_name_529,category_4
product_code_0530,product_name_530,category_0
product_code_0531,product_name_531,category_1
product_code_0532,product_name_532,category_2
product_code_0533,product_name_533,category_3
product_code_0534,product_name_534,category_4
product_code_0535,product_name_535,category_0
product_code_0536,product_name_536,category_1
product_code_0537,product_name_537,category_2
product_code_0538,product_name_538,category_3
product_code_0539,product_name_539,category_4
product_code_0540,product_name_540,category_0
product_code_0541,product_name_541,category_1
product_code_0542,product_name_542,category_2
product_code_0543,product_name_543,category_3
product_code_0544,product_name_544,category_4
product_code_0545,product_name_545,category_0
product_code_0546,product_name_546,category_1
product_code_0547,product_name_547,category_2
product_code_0548,product_name_548,category_3
product_code_0549,product_name_549,category_4
product_code_0550,product_name_550,category_0
product_code_0551,product_name_551,category_1
product_code_0552,product_name_552,category_2
product_code_0553,product_name_553,category_3
product_code_0554,product_name_554,category_4
product_code_0555,product_name_555,category_0
product_code_0556,product_name_556,category_1
product_code_0557,product_name_557,category_2
product_code_0558,product_name_558,category_3
product_code_0559,product_name_559,category_4
product_code_0560,product_name_560,category_0
product_code_0561,product_name_561,category_1
product_code_0562,product_name_562,category_2
product_code_0563,product_name_563,category_3
product_code_0564,product_name_564,category_4
product_code_0565,product_name_565,category_0
product_code_0566,product_name_566,category_1
product_code_0567,product_name_567,category_2
product_code_0568,product_name_568,category_3
product_code_0569,product_name_569,category_4
product_code_0570,product_name_570,category_0
product_code_0571,product_name_571,category_1
product_code_0572,product_name_572,category_2
product_code_0573,product_name_573,category_3
product_code_0574,product_name_574,category_4
product_code_0575,product_name_575,category_0
product_code_0576,product_name_576,category_1
product_code_0577,product_name_577,category_2
product_code_0578,product_name_578,category_3
product_code_0579,product_name_579,category_4
product_code_0580,product_name_580,category_0
product_code_0581,product_name_581,category_1
product_code_0582,product_name_582,category_2
product_code_0583,product_name_583,category_3
product_code_0584,product_name_584,category_4
product_code_0585,product_name_585,category_0
product_code_0586,product_name_586,category_1
product_code_0587,product_name_587,category_2
product_code_0588,product_name_588,category_3
product_code_0589,product_name_589,category_4
product_code_0590,product_name_590,category_0
product_code_0591,product_name_591,category_1
product_code_0592,product_name_592,category_2
product_code_0593,product_name_593,category_3
product_code_0594,product_name_594,category_4
product_code_0595,product_name_595,category_0
product_code_0596,product_name_596,category_1
product_code_0597,product_name_597,category_2
product_code_0598,product_name_598,category_3
product_code_0599,product_name_599,category_4
product_code_0600,product_name_600,category_0
product_code_0601,product_name_601,category_1
product_code_0602,product_name_602,category_2
product_code_0603,product_name_603,category_3
product_code_0604,product_name_604,category_4
product_code_0605,product_name_605,category_0
product_code_0606,product_name_606,category_1
product_code_0607,product_name_607,category_2
product_code_0608,product_name_608,category_3
product_code_0609,product_name_609,category_4
product_code_0610,product_name_610,category_0
product_code_0611,product_name_611,category_1
product_code_0612,product_name_612,category_2
product_code_0613,product_name_613,category_3
product_code_0614,product_name_614,category_4
product_code_0615,product_name_615,category_0
product_code_0616,product_name_616,category_1
product_code_0617,product_name_617,category_2
product_code_0618,product_name_618,category_3
product_code_0619,product_name_619,category_4
product_code_0620,product_name_620,category_0
product_code_0621,product_name_621,category_1
product_code_0622,product_name_622,category_2
product_code_0623,product_name_623,category_3
product_code_0624,product_name_624,category_4
product_code_0625,product_name_625,category_0
product_code_0626,product_name_626,category_1
product_code_0627,product_name_627,category_2
product_code_0628,product_name_628,category_3
product_code_0629,product_name_629,category_4
product_code_0630,product_name_630,category_0
product_code_0631,product_name_631,category_1
product_code_0632,product_name_632,category_2
product_code_0633,product_name_633,category_3
product_code_0634,product_name_634,category_4
product_code_0635,product_name_635,category_0
product_code_0636,product_name_636,category_1
product_code_0637,product_name_637,category_2
product_code_0638,product_name_638,category_3
product_code_0639,product_name_639,category_4
product_code_0640,product_name_640,category_0
product_code_0641,product_name_641,category_1
product_code_0642,product_name_642,category_2
product_code_0643,product_name_643,category_3
product_code_0644,product_name_644,category_4
product_code_0645,product_name_645,category_0
product_code_0646,product_name_646,category_1
product_code_0647,product_name_647,category_2
product_code_0648,product_name_648,category_3
product_code_0649,product_name_649,category_4
product_code_0650,product_name_650,category_0
product_code_0651,product_name_651,category_1
product_code_0652,product_name_652,category_2
product_code_0653,product_name_653,category_3
product_code_0654,product_name_654,category_4
product_code_0655,product_name_655,category_0
product_code_0656,product_name_656,category_1
product_code_0657,product_name_657,category_2
product_code_0658,product_name_658,category_3
product_code_0659,product_name_659,category_4
product_code_0660,product_name_660,category_0
product_code_0661,product_name_661,category_1
product_code_0662,product_name_662,category_2
product_code_0663,product_name_663,category_3
product_code_0664,product_name_664,category_4
product_code_0665,product_name_665,category_0
product_code_0666,product_name_666,category_1
product_code_0667,product_name_667,category_2
product_code_0668,product_name_668,category_3
product_code_0669,product_name_669,category_4
product_code_0670,product_name_670,category_0
product_code_0671,product_name_671,category_1
product_code_0672,product_name_672,category_2
product_code_0673,product_name_673,category_3
product_code_0674,product_name_674,category_4
product_code_0675,product_name_675,category_0
product_code_0676,product_name_676,category_1
product_code_0677,product_name_677,category_2
product_code_0678,product_name_678,category_3
product_code_0679,product_name_679,category_4
product_code_0680,product_name_680,category_0
product_code_0681,product_name_681,category_1
product_code_0682,product_name_682,category_2
product_code_0683,product_name_683,category_3
product_code_0684,product_name_684,category_4
product_code_0685,product_name_685,category_0
product_code_0686,product_name_686,category_1
product_code_0687,product_name_687,category_2
product_code_0688,product_name_688,category_3
product_code_0689,product_name_689,category_4
product_code_0690,product_name_690,category_0
product_code_0691,product_name_691,category_1
product_code_0692,product_name_692,category_2
product_code_0693,product_name_693,category_3
product_code_0694,product_name_694,category_4
product_code_0695,product_name_695,category_0
product_code_0696,product_name_696,category_1
product_code_0697,product_name_697,category_2
product_code_0698,product_name_698,category_3
product_code_0699,product_name_699,category_4
product_code_0700,product_name_700,category_0
product_code_0701,product_name_701,category_1
product_code_0702,product_name_702,category_2
product_code_0703,product_name_703,category_3
product_code_0704,product_name_704,category_4
product_code_0705,product_name_705,category_0
product_code_0706,product_name_706,category_1
product_code_0707,product_name_707,category_2
product_code_0708,product_name_708,category_3
product_code_0709,product_name_709,category_4
product_code_0710,product_name_710,category_0
product_code_0711,product_name_711,category_1
product_code_0712,product_name_712,category_2
product_code_0713,product_name_713,category_3
product_code_0714,product_name_714,category_4
product_code_0715,product_name_715,category_0
product_code_0716,product_name_716,category_1
product_code_0717,product_name_717,category_2
product_code_0718,product_name_718,category_3
product_code_0719,product_name_719,category_4
product_code_0720,product_name_720,category_0
product_code_0721,product_name_721,category_1
product_code_0722,product_name_722,category_2
product_code_0723,product_name_723,category_3
product_code_0724,product_name_724,category_4
product_code_0725,product_name_725,category_0
product_code_0726,product_name_726,category_1
product_code_0727,product_name_727,category_2
product_code_0728,product_name_728,category_3
product_code_0729,product_name_729,category_4
product_code_0730,product_name_730,category_0
product_code_0731,product_name_731,category_1
product_code_0732,product_name_732,category_2
product_code_0733,product_name_733,category_3
product_code_0734,product_name_734,category_4
product_code_0735,product_name_735,category_0
product_code_0736,product_name_736,category_1
product_code_0737,product_name_737,category_2
product_code_0738,product_name_738,category_3
product_code_0739,product_name_739,category_4
product_code_0740,product_name_740,category_0
product_code_0741,product_name_741,category_1
product_code_0742,product_name_742,category_2
product_code_0743,product_name_743,category_3
product_code_0744,product_name_744,category_4
product_code_0745,product_name_745,category_0
product_code_0746,product_name_746,category_1
product_code_0747,product_name_747,category_2
product_code_0748,product_name_748,category_3
product_code_0749,product_name_749,category_4
product_code_0750,product_name_750,category_0
product_code_0751,product_name_751,category_1
product_code_0752,product_name_752,category_2
product_code_0753,product_name_753,category_3
product_code_0754,product_name_754,category_4
product_code_0755,product_name_755,category_0
product_code_0756,product_name_756,category_1
product_code_0757,product_name_757,category_2
product_code_0758,product_name_758,category_3
product_code_0759,product_name_759,category_4
product_code_0760,product_name_760,category_0
product_code_0761,product_name_761,category_1
product_code_0762,product_name_762,category_2
product_code_0763,product_name_763,category_3
product_code_0764,product_name_764,category_4
product_code_0765,product_name_765,category_0
product_code_0766,product_name_766,category_1
product_code_0767,product_name_767,category_2
product_code_0768,product_name_768,category_3
product_code_0769,product_name_769,category_4
product_code_0770,product_name_770,category_0
product_code_0771,product_name_771,category_1
product_code_0772,product_name_772,category_2
product_code_0773,product_name_773,category_3
product_code_0774,product_name_774,category_4
product_code_0775,product_name_775,category_0
product_code_0776,product_name_776,category_1
product_code_0777,product_name_777,category_2
product_code_0778,product_name_778,category_3
product_code_0779,product_name_779,category_4
product_code_0780,product_name_780,category_0
product_code_0781,product_name_781,category_1
product_code_0782,product_name_782,category_2
product_code_0783,product_name_783,category_3
product_code_0784,product_name_784,category_4
product_code_0785,product_name_785,category_0
product_code_0786,product_name_786,category_1
product_code_0787,product_name_787,category_2
product_code_0788,product_name_788,category_3
product_code_0789,product_name_789,category_4
product_code_0790,product_name_790,category_0
product_code_0791,product_name_791,category_1
product_code_0792,product_name_792,category_2
product_code_0793,product_name_793,category_3
product_code_0794,product_name_794,category_4
product_code_0795,product_name_795,category_0
product_code_0796,product_name_796,category_1
product_code_0797,product_name_797,category_2
product_code_0798,product_name_798,category_3
product_code_0799,product_name_799,category_4
product_code_0800,product_name_800,category_0
product_code_0801,product_name_801,category_1
product_code_0802,product_name_802,category_2
product_code_0803,product_name_803,category_3
product_code_0804,product_name_804,category_4
product_code_0805,product_name_805,category_0
product_code_0806,product_name_806,category_1
product_code_0807,product_name_807,category_2
product_code_0808,product_name_808,category_3
product_code_0809,product_name_809,category_4
product_code_0810,product_name_810,category_0
product_code_0811,product_name_811,category_1
product_code_0812,product_name_812,category_2
product_code_0813,product_name_813,category_3
product_code_0814,product_name_814,category_4
product_code_0815,product_name_815,category_0
product_code_0816,product_name_816,category_1
product_code_0817,product_name_817,category_2
product_code_0818,product_name_818,category_3
product_code_0819,product_name_819,category_4
product_code_0820,product_name_820,category_0
product_code_0821,product_name_821,category_1
product_code_0822,product_name_822,category_2
product_code_0823,product_name_823,category_3
product_code_0824,product_name_824,category_4
product_code_0825,product_name_825,category_0
product_code_0826,product_name_826,category_1
product_code_0827,product_name_827,category_2
product_code_0828,product_name_828,category_3
product_code_0829,product_name_829,category_4
product_code_0830,product_name_830,category_0
product_code_0831,product_name_831,category_1
product_code_0832,product_name_832,category_2
product_code_0833,product_name_833,category_3
product_code_0834,product_name_834,category_4
product_code_0835,product_name_835,category_0
product_code_0836,product_name_836,category_1
product_code_0837,product_name_837,category_2
product_code_0838,product_name_838,category_3
product_code_0839,product_name_839,category_4
product_code_0840,product_name_840,category_0
product_code_0841,product_name_841,category_1
product_code_0842,product_name_842,category_2
product_code_0843,product_name_843,category_3
product_code_0844,product_name_844,category_4
product_code_0845,product_name_845,category_0
product_code_0846,product_name_846,category_1
product_code_0847,product_name_847,category_2
product_code_0848,product_name_848,category_3
product_code_0849,product_name_849,category_4
product_code_0850,product_name_850,category_0
product_code_0851,product_name_851,category_1
product_code_0852,product_name_852,category_2
product_code_0853,product_name_853,category_3
product_code_0854,product_name_854,category_4
product_code_0855,product_name_855,category_0
product_code_0856,product_name_856,category_1
product_code_0857,product_name_857,category_2
product_code_0858,product_name_858,category_3
product_code_0859,product_name_859,category_4
product_code_0860,product_name_860,category_0
product_code_0861,product_name_861,category_1
product_code_0862,product_name_862,category_2
product_code_0863,product_name_863,category_3
product_code_0864,product_name_864,category_4
product_code_0865,product_name_865,category_0
product_code_0866,product_name_866,category_1
product_code_0867,product_name_867,category_2
product_code_0868,product_name_868,category_3
product_code_0869,product_name_869,category_4
product_code_0870,product_name_870,category_0
product_code_0871,product_name_871,category_1
product_code_0872,product_name_872,category_2
product_code_0873,product_name_873,category_3
product_code_0874,product_name_874,category_4
product_code_0875,product_name_875,category_0
product_code_0876,product_name_876,category_1
product_code_0877,product_name_877,category_2
product_code_0878,product_name_878,category_3
product_code_0879,product_name_879,category_4
product_code_0880,product_name_880,category_0
product_code_0881,product_name_881,category_1
product_code_0882,product_name_882,category_2
product_code_0883,product_name_883,category_3
product_code_0884,product_name_884,category_4
product_code_0885,product_name_885,category_0
product_code_0886,product_name_886,category_1
product_code_0887,product_name_887,category_2
product_code_0888,product_name_888,category_3
product_code_0889,product_name_889,category_4
product_code_0890,product_name_890,category_0
product_code_0891,product_name_891,category_1
product_code_0892,product_name_892,category_2
product_code_0893,product_name_893,category_3
product_code_0894,product_name_894,category_4
product_code_0895,product_name_895,category_0
product_code_0896,product_name_896,category_1
product_code_0897,product_name_897,category_2
product_code_0898,product_name_898,category_3
product_code_0899,product_name_899,category_4
product_code_0900,product_name_900,category_0
product_code_0901,product_name_901,category_1
product_code_0902,product_name_902,category_2
product_code_0903,product_name_903,category_3
product_code_0904,product_name_904,category_4
product_code_0905,product_name_905,category_0
product_code_0906,product_name_906,category_1
product_code_0907,product_name_907,category_2
product_code_0908,product_name_908,category_3
product_code_0909,product_name_909,category_4
product_code_0910,product_name_910,category_0
product_code_0911,product_name_911,category_1
product_code_0912,product_name_912,category_2
product_code_0913,product_name_913,category_3
product_code_0914,product_name_914,category_4
product_code_0915,product_name_915,category_0
product_code_0916,product_name_916,category_1
product_code_0917,product_name_917,category_2
product_code_0918,product_name_918,category_3
product_code_0919,product_name_919,category_4
product_code_0920,product_name_920,category_0
product_code_0921,product_name_921,category_1
product_code_0922,product_name_922,category_2
product_code_0923,product_name_923,category_3
product_code_0924,product_name_924,category_4
product_code_0925,product_name_925,category_0
product_code_0926,product_name_926,category_1
product_code_0927,product_name_927,category_2
product_code_0928,product_name_928,category_3
product_code_0929,product_name_929,category_4
product_code_0930,product_name_930,category_0
product_code_0931,product_name_931,category_1
product_code_0932,product_name_932,category_2
product_code_0933,product_name_933,category_3
product_code_0934,product_name_934,category_4
product_code_0935,product_name_935,category_0
product_code_0936,product_name_936,category_1
product_code_0937,product_name_937,category_2
product_code_0938,product_name_938,category_3
product_code_0939,product_name_939,category_4
product_code_0940,product_name_940,category_0
product_code_0941,product_name_941,category_1
product_code_0942,product_name_942,category_2
product_code_0943,product_name_943,category_3
product_code_0944,product_name_944,category_4
product_code_0945,product_name_945,category_0
product_code_0946,product_name_946,category_1
product_code_0947,product_name_947,category_2
product_code_0948,product_name_948,category_3
product_code_0949,product_name_949,category_4
product_code_0950,product_name_950,category_0
product_code_0951,product_name_951,category_1
product_code_0952,product_name_952,category_2
product_code_0953,product_name_953,category_3
product_code_0954,product_name_954,category_4
product_code_0955,product_name_955,category_0
product_code_0956,product_name_956,category_1
product_code_0957,product_name_957,category_2
product_code_0958,product_name_958,category_3
product_code_0959,product_name_959,category_4
product_code_0960,product_name_960,category_0
product_code_0961,product_name_961,category_1
product_code_0962,product_name_962,category_2
product_code_0963,product_name_963,category_3
product_code_0964,product_name_964,category_4
product_code_0965,product_name_965,category_0
product_code_0966,product_name_966,category_1
product_code_0967,product_name_967,category_2
product_code_0968,product_name_968,category_3
product_code_0969,product_name_969,category_4
product_code_0970,product_name_970,category_0
product_code_0971,product_name_971,category_1
product_code_0972,product_name_972,category_2
product_code_0973,product_name_973,category_3
product_code_0974,product_name_974,category_4
product_code_0975,product_name_975,category_0
product_code_0976,product_name_976,category_1
product_code_0977,product_name_977,category_2
product_code_0978,product_name_978,category_3
product_code_0979,product_name_979,category_4
product_code_0980,product_name_980,category_0
product_code_0981,product_name_981,category_1
product_code_0982,product_name_982,category_2
product_code_0983,product_name_983,category_3
product_code_0984,product_name_984,category_4
product_code_0985,product_name_985,category_0
product_code_0986,product_name_986,category_1
product_code_0987,product_name_987,category_2
product_code_0988,product_name_988,category_3
product_code_0989,product_name_989,category_4
product_code_0990,product_name_990,category_0
product_code_0991,product_name_991,category_1
product_code_0992,product_name_992,category_2
product_code_0993,product_name_993,category_3
product_code_0994,product_name_994,category_4
product_code_0995,product_name_995,category_0
product_code_0996,product_name_996,category_1
product_code_0997,product_name_997,category_2
product_code_0998,product_name_998,category_3
product_code_0999,product_name_999,category_4
product_code_01000,product_name_1000,category_0
