user_name_1,user_email_1@gmail.com,123123123
user_name_2,user_email_2@gmail.com,123123123
user_name_3,user_email_3@gmail.com,123123123
user_name_4,user_email_4@gmail.com,123123123
user_name_5,user_email_5@gmail.com,123123123
user_name_6,user_email_6@gmail.com,123123123
user_name_7,user_email_7@gmail.com,123123123
user_name_8,user_email_8@gmail.com,123123123
user_name_9,user_email_9@gmail.com,123123123
user_name_10,user_email_10@gmail.com,123123123
user_name_11,user_email_11@gmail.com,123123123
user_name_12,user_email_12@gmail.com,123123123
user_name_13,user_email_13@gmail.com,123123123
user_name_14,user_email_14@gmail.com,123123123
user_name_15,user_email_15@gmail.com,123123123
user_name_16,user_email_16@gmail.com,123123123
user_name_17,user_email_17@gmail.com,123123123
user_name_18,user_email_18@gmail.com,123123123
user_name_19,user_email_19@gmail.com,123123123
user_name_20,user_email_20@gmail.com,123123123
user_name_21,user_email_21@gmail.com,123123123
user_name_22,user_email_22@gmail.com,123123123
user_name_23,user_email_23@gmail.com,123123123
user_name_24,user_email_24@gmail.com,123123123
user_name_25,user_email_25@gmail.com,123123123
user_name_26,user_email_26@gmail.com,123123123
user_name_27,user_email_27@gmail.com,123123123
user_name_28,user_email_28@gmail.com,123123123
user_name_29,user_email_29@gmail.com,123123123
user_name_30,user_email_30@gmail.com,123123123
user_name_31,user_email_31@gmail.com,123123123
user_name_32,user_email_32@gmail.com,123123123
user_name_33,user_email_33@gmail.com,123123123
user_name_34,user_email_34@gmail.com,123123123
user_name_35,user_email_35@gmail.com,123123123
user_name_36,user_email_36@gmail.com,123123123
user_name_37,user_email_37@gmail.com,123123123
user_name_38,user_email_38@gmail.com,123123123
user_name_39,user_email_39@gmail.com,123123123
user_name_40,user_email_40@gmail.com,123123123
user_name_41,user_email_41@gmail.com,123123123
user_name_42,user_email_42@gmail.com,123123123
user_name_43,user_email_43@gmail.com,123123123
user_name_44,user_email_44@gmail.com,123123123
user_name_45,user_email_45@gmail.com,123123123
user_name_46,user_email_46@gmail.com,123123123
user_name_47,user_email_47@gmail.com,123123123
user_name_48,user_email_48@gmail.com,123123123
user_name_49,user_email_49@gmail.com,123123123
user_name_50,user_email_50@gmail.com,123123123
user_name_51,user_email_51@gmail.com,123123123
user_name_52,user_email_52@gmail.com,123123123
user_name_53,user_email_53@gmail.com,123123123
user_name_54,user_email_54@gmail.com,123123123
user_name_55,user_email_55@gmail.com,123123123
user_name_56,user_email_56@gmail.com,123123123
user_name_57,user_email_57@gmail.com,123123123
user_name_58,user_email_58@gmail.com,123123123
user_name_59,user_email_59@gmail.com,123123123
user_name_60,user_email_60@gmail.com,123123123
user_name_61,user_email_61@gmail.com,123123123
user_name_62,user_email_62@gmail.com,123123123
user_name_63,user_email_63@gmail.com,123123123
user_name_64,user_email_64@gmail.com,123123123
user_name_65,user_email_65@gmail.com,123123123
user_name_66,user_email_66@gmail.com,123123123
user_name_67,user_email_67@gmail.com,123123123
user_name_68,user_email_68@gmail.com,123123123
user_name_69,user_email_69@gmail.com,123123123
user_name_70,user_email_70@gmail.com,123123123
user_name_71,user_email_71@gmail.com,123123123
user_name_72,user_email_72@gmail.com,123123123
user_name_73,user_email_73@gmail.com,123123123
user_name_74,user_email_74@gmail.com,123123123
user_name_75,user_email_75@gmail.com,123123123
user_name_76,user_email_76@gmail.com,123123123
user_name_77,user_email_77@gmail.com,123123123
user_name_78,user_email_78@gmail.com,123123123
user_name_79,user_email_79@gmail.com,123123123
user_name_80,user_email_80@gmail.com,123123123
user_name_81,user_email_81@gmail.com,123123123
user_name_82,user_email_82@gmail.com,123123123
user_name_83,user_email_83@gmail.com,123123123
user_name_84,user_email_84@gmail.com,123123123
user_name_85,user_email_85@gmail.com,123123123
user_name_86,user_email_86@gmail.com,123123123
user_name_87,user_email_87@gmail.com,123123123
user_name_88,user_email_88@gmail.com,123123123
user_name_89,user_email_89@gmail.com,123123123
user_name_90,user_email_90@gmail.com,123123123
user_name_91,user_email_91@gmail.com,123123123
user_name_92,user_email_92@gmail.com,123123123
user_name_93,user_email_93@gmail.com,123123123
user_name_94,user_email_94@gmail.com,123123123
user_name_95,user_email_95@gmail.com,123123123
user_name_96,user_email_96@gmail.com,123123123
user_name_97,user_email_97@gmail.com,123123123
user_name_98,user_email_98@gmail.com,123123123
user_name_99,user_email_99@gmail.com,123123123
user_name_100,user_email_100@gmail.com,123123123
user_name_101,user_email_101@gmail.com,123123123
user_name_102,user_email_102@gmail.com,123123123
user_name_103,user_email_103@gmail.com,123123123
user_name_104,user_email_104@gmail.com,123123123
user_name_105,user_email_105@gmail.com,123123123
user_name_106,user_email_106@gmail.com,123123123
user_name_107,user_email_107@gmail.com,123123123
user_name_108,user_email_108@gmail.com,123123123
user_name_109,user_email_109@gmail.com,123123123
user_name_110,user_email_110@gmail.com,123123123
user_name_111,user_email_111@gmail.com,123123123
user_name_112,user_email_112@gmail.com,123123123
user_name_113,user_email_113@gmail.com,123123123
user_name_114,user_email_114@gmail.com,123123123
user_name_115,user_email_115@gmail.com,123123123
user_name_116,user_email_116@gmail.com,123123123
user_name_117,user_email_117@gmail.com,123123123
user_name_118,user_email_118@gmail.com,123123123
user_name_119,user_email_119@gmail.com,123123123
user_name_120,user_email_120@gmail.com,123123123
user_name_121,user_email_121@gmail.com,123123123
user_name_122,user_email_122@gmail.com,123123123
user_name_123,user_email_123@gmail.com,123123123
user_name_124,user_email_124@gmail.com,123123123
user_name_125,user_email_125@gmail.com,123123123
user_name_126,user_email_126@gmail.com,123123123
user_name_127,user_email_127@gmail.com,123123123
user_name_128,user_email_128@gmail.com,123123123
user_name_129,user_email_129@gmail.com,123123123
user_name_130,user_email_130@gmail.com,123123123
user_name_131,user_email_131@gmail.com,123123123
user_name_132,user_email_132@gmail.com,123123123
user_name_133,user_email_133@gmail.com,123123123
user_name_134,user_email_134@gmail.com,123123123
user_name_135,user_email_135@gmail.com,123123123
user_name_136,user_email_136@gmail.com,123123123
user_name_137,user_email_137@gmail.com,123123123
user_name_138,user_email_138@gmail.com,123123123
user_name_139,user_email_139@gmail.com,123123123
user_name_140,user_email_140@gmail.com,123123123
user_name_141,user_email_141@gmail.com,123123123
user_name_142,user_email_142@gmail.com,123123123
user_name_143,user_email_143@gmail.com,123123123
user_name_144,user_email_144@gmail.com,123123123
user_name_145,user_email_145@gmail.com,123123123
user_name_146,user_email_146@gmail.com,123123123
user_name_147,user_email_147@gmail.com,123123123
user_name_148,user_email_148@gmail.com,123123123
user_name_149,user_email_149@gmail.com,123123123
user_name_150,user_email_150@gmail.com,123123123
user_name_151,user_email_151@gmail.com,123123123
user_name_152,user_email_152@gmail.com,123123123
user_name_153,user_email_153@gmail.com,123123123
user_name_154,user_email_154@gmail.com,123123123
user_name_155,user_email_155@gmail.com,123123123
user_name_156,user_email_156@gmail.com,123123123
user_name_157,user_email_157@gmail.com,123123123
user_name_158,user_email_158@gmail.com,123123123
user_name_159,user_email_159@gmail.com,123123123
user_name_160,user_email_160@gmail.com,123123123
user_name_161,user_email_161@gmail.com,123123123
user_name_162,user_email_162@gmail.com,123123123
user_name_163,user_email_163@gmail.com,123123123
user_name_164,user_email_164@gmail.com,123123123
user_name_165,user_email_165@gmail.com,123123123
user_name_166,user_email_166@gmail.com,123123123
user_name_167,user_email_167@gmail.com,123123123
user_name_168,user_email_168@gmail.com,123123123
user_name_169,user_email_169@gmail.com,123123123
user_name_170,user_email_170@gmail.com,123123123
user_name_171,user_email_171@gmail.com,123123123
user_name_172,user_email_172@gmail.com,123123123
user_name_173,user_email_173@gmail.com,123123123
user_name_174,user_email_174@gmail.com,123123123
user_name_175,user_email_175@gmail.com,123123123
user_name_176,user_email_176@gmail.com,123123123
user_name_177,user_email_177@gmail.com,123123123
user_name_178,user_email_178@gmail.com,123123123
user_name_179,user_email_179@gmail.com,123123123
user_name_180,user_email_180@gmail.com,123123123
user_name_181,user_email_181@gmail.com,123123123
user_name_182,user_email_182@gmail.com,123123123
user_name_183,user_email_183@gmail.com,123123123
user_name_184,user_email_184@gmail.com,123123123
user_name_185,user_email_185@gmail.com,123123123
user_name_186,user_email_186@gmail.com,123123123
user_name_187,user_email_187@gmail.com,123123123
user_name_188,user_email_188@gmail.com,123123123
user_name_189,user_email_189@gmail.com,123123123
user_name_190,user_email_190@gmail.com,123123123
user_name_191,user_email_191@gmail.com,123123123
user_name_192,user_email_192@gmail.com,123123123
user_name_193,user_email_193@gmail.com,123123123
user_name_194,user_email_194@gmail.com,123123123
user_name_195,user_email_195@gmail.com,123123123
user_name_196,user_email_196@gmail.com,123123123
user_name_197,user_email_197@gmail.com,123123123
user_name_198,user_email_198@gmail.com,123123123
user_name_199,user_email_199@gmail.com,123123123
user_name_200,user_email_200@gmail.com,123123123
user_name_201,user_email_201@gmail.com,123123123
user_name_202,user_email_202@gmail.com,123123123
user_name_203,user_email_203@gmail.com,123123123
user_name_204,user_email_204@gmail.com,123123123
user_name_205,user_email_205@gmail.com,123123123
user_name_206,user_email_206@gmail.com,123123123
user_name_207,user_email_207@gmail.com,123123123
user_name_208,user_email_208@gmail.com,123123123
user_name_209,user_email_209@gmail.com,123123123
user_name_210,user_email_210@gmail.com,123123123
user_name_211,user_email_211@gmail.com,123123123
user_name_212,user_email_212@gmail.com,123123123
user_name_213,user_email_213@gmail.com,123123123
user_name_214,user_email_214@gmail.com,123123123
user_name_215,user_email_215@gmail.com,123123123
user_name_216,user_email_216@gmail.com,123123123
user_name_217,user_email_217@gmail.com,123123123
user_name_218,user_email_218@gmail.com,123123123
user_name_219,user_email_219@gmail.com,123123123
user_name_220,user_email_220@gmail.com,123123123
user_name_221,user_email_221@gmail.com,123123123
user_name_222,user_email_222@gmail.com,123123123
user_name_223,user_email_223@gmail.com,123123123
user_name_224,user_email_224@gmail.com,123123123
user_name_225,user_email_225@gmail.com,123123123
user_name_226,user_email_226@gmail.com,123123123
user_name_227,user_email_227@gmail.com,123123123
user_name_228,user_email_228@gmail.com,123123123
user_name_229,user_email_229@gmail.com,123123123
user_name_230,user_email_230@gmail.com,123123123
user_name_231,user_email_231@gmail.com,123123123
user_name_232,user_email_232@gmail.com,123123123
user_name_233,user_email_233@gmail.com,123123123
user_name_234,user_email_234@gmail.com,123123123
user_name_235,user_email_235@gmail.com,123123123
user_name_236,user_email_236@gmail.com,123123123
user_name_237,user_email_237@gmail.com,123123123
user_name_238,user_email_238@gmail.com,123123123
user_name_239,user_email_239@gmail.com,123123123
user_name_240,user_email_240@gmail.com,123123123
user_name_241,user_email_241@gmail.com,123123123
user_name_242,user_email_242@gmail.com,123123123
user_name_243,user_email_243@gmail.com,123123123
user_name_244,user_email_244@gmail.com,123123123
user_name_245,user_email_245@gmail.com,123123123
user_name_246,user_email_246@gmail.com,123123123
user_name_247,user_email_247@gmail.com,123123123
user_name_248,user_email_248@gmail.com,123123123
user_name_249,user_email_249@gmail.com,123123123
user_name_250,user_email_250@gmail.com,123123123
user_name_251,user_email_251@gmail.com,123123123
user_name_252,user_email_252@gmail.com,123123123
user_name_253,user_email_253@gmail.com,123123123
user_name_254,user_email_254@gmail.com,123123123
user_name_255,user_email_255@gmail.com,123123123
user_name_256,user_email_256@gmail.com,123123123
user_name_257,user_email_257@gmail.com,123123123
user_name_258,user_email_258@gmail.com,123123123
user_name_259,user_email_259@gmail.com,123123123
user_name_260,user_email_260@gmail.com,123123123
user_name_261,user_email_261@gmail.com,123123123
user_name_262,user_email_262@gmail.com,123123123
user_name_263,user_email_263@gmail.com,123123123
user_name_264,user_email_264@gmail.com,123123123
user_name_265,user_email_265@gmail.com,123123123
user_name_266,user_email_266@gmail.com,123123123
user_name_267,user_email_267@gmail.com,123123123
user_name_268,user_email_268@gmail.com,123123123
user_name_269,user_email_269@gmail.com,123123123
user_name_270,user_email_270@gmail.com,123123123
user_name_271,user_email_271@gmail.com,123123123
user_name_272,user_email_272@gmail.com,123123123
user_name_273,user_email_273@gmail.com,123123123
user_name_274,user_email_274@gmail.com,123123123
user_name_275,user_email_275@gmail.com,123123123
user_name_276,user_email_276@gmail.com,123123123
user_name_277,user_email_277@gmail.com,123123123
user_name_278,user_email_278@gmail.com,123123123
user_name_279,user_email_279@gmail.com,123123123
user_name_280,user_email_280@gmail.com,123123123
user_name_281,user_email_281@gmail.com,123123123
user_name_282,user_email_282@gmail.com,123123123
user_name_283,user_email_283@gmail.com,123123123
user_name_284,user_email_284@gmail.com,123123123
user_name_285,user_email_285@gmail.com,123123123
user_name_286,user_email_286@gmail.com,123123123
user_name_287,user_email_287@gmail.com,123123123
user_name_288,user_email_288@gmail.com,123123123
user_name_289,user_email_289@gmail.com,123123123
user_name_290,user_email_290@gmail.com,123123123
user_name_291,user_email_291@gmail.com,123123123
user_name_292,user_email_292@gmail.com,123123123
user_name_293,user_email_293@gmail.com,123123123
user_name_294,user_email_294@gmail.com,123123123
user_name_295,user_email_295@gmail.com,123123123
user_name_296,user_email_296@gmail.com,123123123
user_name_297,user_email_297@gmail.com,123123123
user_name_298,user_email_298@gmail.com,123123123
user_name_299,user_email_299@gmail.com,123123123
user_name_300,user_email_300@gmail.com,123123123
user_name_301,user_email_301@gmail.com,123123123
user_name_302,user_email_302@gmail.com,123123123
user_name_303,user_email_303@gmail.com,123123123
user_name_304,user_email_304@gmail.com,123123123
user_name_305,user_email_305@gmail.com,123123123
user_name_306,user_email_306@gmail.com,123123123
user_name_307,user_email_307@gmail.com,123123123
user_name_308,user_email_308@gmail.com,123123123
user_name_309,user_email_309@gmail.com,123123123
user_name_310,user_email_310@gmail.com,123123123
user_name_311,user_email_311@gmail.com,123123123
user_name_312,user_email_312@gmail.com,123123123
user_name_313,user_email_313@gmail.com,123123123
user_name_314,user_email_314@gmail.com,123123123
user_name_315,user_email_315@gmail.com,123123123
user_name_316,user_email_316@gmail.com,123123123
user_name_317,user_email_317@gmail.com,123123123
user_name_318,user_email_318@gmail.com,123123123
user_name_319,user_email_319@gmail.com,123123123
user_name_320,user_email_320@gmail.com,123123123
user_name_321,user_email_321@gmail.com,123123123
user_name_322,user_email_322@gmail.com,123123123
user_name_323,user_email_323@gmail.com,123123123
user_name_324,user_email_324@gmail.com,123123123
user_name_325,user_email_325@gmail.com,123123123
user_name_326,user_email_326@gmail.com,123123123
user_name_327,user_email_327@gmail.com,123123123
user_name_328,user_email_328@gmail.com,123123123
user_name_329,user_email_329@gmail.com,123123123
user_name_330,user_email_330@gmail.com,123123123
user_name_331,user_email_331@gmail.com,123123123
user_name_332,user_email_332@gmail.com,123123123
user_name_333,user_email_333@gmail.com,123123123
user_name_334,user_email_334@gmail.com,123123123
user_name_335,user_email_335@gmail.com,123123123
user_name_336,user_email_336@gmail.com,123123123
user_name_337,user_email_337@gmail.com,123123123
user_name_338,user_email_338@gmail.com,123123123
user_name_339,user_email_339@gmail.com,123123123
user_name_340,user_email_340@gmail.com,123123123
user_name_341,user_email_341@gmail.com,123123123
user_name_342,user_email_342@gmail.com,123123123
user_name_343,user_email_343@gmail.com,123123123
user_name_344,user_email_344@gmail.com,123123123
user_name_345,user_email_345@gmail.com,123123123
user_name_346,user_email_346@gmail.com,123123123
user_name_347,user_email_347@gmail.com,123123123
user_name_348,user_email_348@gmail.com,123123123
user_name_349,user_email_349@gmail.com,123123123
user_name_350,user_email_350@gmail.com,123123123
user_name_351,user_email_351@gmail.com,123123123
user_name_352,user_email_352@gmail.com,123123123
user_name_353,user_email_353@gmail.com,123123123
user_name_354,user_email_354@gmail.com,123123123
user_name_355,user_email_355@gmail.com,123123123
user_name_356,user_email_356@gmail.com,123123123
user_name_357,user_email_357@gmail.com,123123123
user_name_358,user_email_358@gmail.com,123123123
user_name_359,user_email_359@gmail.com,123123123
user_name_360,user_email_360@gmail.com,123123123
user_name_361,user_email_361@gmail.com,123123123
user_name_362,user_email_362@gmail.com,123123123
user_name_363,user_email_363@gmail.com,123123123
user_name_364,user_email_364@gmail.com,123123123
user_name_365,user_email_365@gmail.com,123123123
user_name_366,user_email_366@gmail.com,123123123
user_name_367,user_email_367@gmail.com,123123123
user_name_368,user_email_368@gmail.com,123123123
user_name_369,user_email_369@gmail.com,123123123
user_name_370,user_email_370@gmail.com,123123123
user_name_371,user_email_371@gmail.com,123123123
user_name_372,user_email_372@gmail.com,123123123
user_name_373,user_email_373@gmail.com,123123123
user_name_374,user_email_374@gmail.com,123123123
user_name_375,user_email_375@gmail.com,123123123
user_name_376,user_email_376@gmail.com,123123123
user_name_377,user_email_377@gmail.com,123123123
user_name_378,user_email_378@gmail.com,123123123
user_name_379,user_email_379@gmail.com,123123123
user_name_380,user_email_380@gmail.com,123123123
user_name_381,user_email_381@gmail.com,123123123
user_name_382,user_email_382@gmail.com,123123123
user_name_383,user_email_383@gmail.com,123123123
user_name_384,user_email_384@gmail.com,123123123
user_name_385,user_email_385@gmail.com,123123123
user_name_386,user_email_386@gmail.com,123123123
user_name_387,user_email_387@gmail.com,123123123
user_name_388,user_email_388@gmail.com,123123123
user_name_389,user_email_389@gmail.com,123123123
user_name_390,user_email_390@gmail.com,123123123
user_name_391,user_email_391@gmail.com,123123123
user_name_392,user_email_392@gmail.com,123123123
user_name_393,user_email_393@gmail.com,123123123
user_name_394,user_email_394@gmail.com,123123123
user_name_395,user_email_395@gmail.com,123123123
user_name_396,user_email_396@gmail.com,123123123
user_name_397,user_email_397@gmail.com,123123123
user_name_398,user_email_398@gmail.com,123123123
user_name_399,user_email_399@gmail.com,123123123
user_name_400,user_email_400@gmail.com,123123123
user_name_401,user_email_401@gmail.com,123123123
user_name_402,user_email_402@gmail.com,123123123
user_name_403,user_email_403@gmail.com,123123123
user_name_404,user_email_404@gmail.com,123123123
user_name_405,user_email_405@gmail.com,123123123
user_name_406,user_email_406@gmail.com,123123123
user_name_407,user_email_407@gmail.com,123123123
user_name_408,user_email_408@gmail.com,123123123
user_name_409,user_email_409@gmail.com,123123123
user_name_410,user_email_410@gmail.com,123123123
user_name_411,user_email_411@gmail.com,123123123
user_name_412,user_email_412@gmail.com,123123123
user_name_413,user_email_413@gmail.com,123123123
user_name_414,user_email_414@gmail.com,123123123
user_name_415,user_email_415@gmail.com,123123123
user_name_416,user_email_416@gmail.com,123123123
user_name_417,user_email_417@gmail.com,123123123
user_name_418,user_email_418@gmail.com,123123123
user_name_419,user_email_419@gmail.com,123123123
user_name_420,user_email_420@gmail.com,123123123
user_name_421,user_email_421@gmail.com,123123123
user_name_422,user_email_422@gmail.com,123123123
user_name_423,user_email_423@gmail.com,123123123
user_name_424,user_email_424@gmail.com,123123123
user_name_425,user_email_425@gmail.com,123123123
user_name_426,user_email_426@gmail.com,123123123
user_name_427,user_email_427@gmail.com,123123123
user_name_428,user_email_428@gmail.com,123123123
user_name_429,user_email_429@gmail.com,123123123
user_name_430,user_email_430@gmail.com,123123123
user_name_431,user_email_431@gmail.com,123123123
user_name_432,user_email_432@gmail.com,123123123
user_name_433,user_email_433@gmail.com,123123123
user_name_434,user_email_434@gmail.com,123123123
user_name_435,user_email_435@gmail.com,123123123
user_name_436,user_email_436@gmail.com,123123123
user_name_437,user_email_437@gmail.com,123123123
user_name_438,user_email_438@gmail.com,123123123
user_name_439,user_email_439@gmail.com,123123123
user_name_440,user_email_440@gmail.com,123123123
user_name_441,user_email_441@gmail.com,123123123
user_name_442,user_email_442@gmail.com,123123123
user_name_443,user_email_443@gmail.com,123123123
user_name_444,user_email_444@gmail.com,123123123
user_name_445,user_email_445@gmail.com,123123123
user_name_446,user_email_446@gmail.com,123123123
user_name_447,user_email_447@gmail.com,123123123
user_name_448,user_email_448@gmail.com,123123123
user_name_449,user_email_449@gmail.com,123123123
user_name_450,user_email_450@gmail.com,123123123
user_name_451,user_email_451@gmail.com,123123123
user_name_452,user_email_452@gmail.com,123123123
user_name_453,user_email_453@gmail.com,123123123
user_name_454,user_email_454@gmail.com,123123123
user_name_455,user_email_455@gmail.com,123123123
user_name_456,user_email_456@gmail.com,123123123
user_name_457,user_email_457@gmail.com,123123123
user_name_458,user_email_458@gmail.com,123123123
user_name_459,user_email_459@gmail.com,123123123
user_name_460,user_email_460@gmail.com,123123123
user_name_461,user_email_461@gmail.com,123123123
user_name_462,user_email_462@gmail.com,123123123
user_name_463,user_email_463@gmail.com,123123123
user_name_464,user_email_464@gmail.com,123123123
user_name_465,user_email_465@gmail.com,123123123
user_name_466,user_email_466@gmail.com,123123123
user_name_467,user_email_467@gmail.com,123123123
user_name_468,user_email_468@gmail.com,123123123
user_name_469,user_email_469@gmail.com,123123123
user_name_470,user_email_470@gmail.com,123123123
user_name_471,user_email_471@gmail.com,123123123
user_name_472,user_email_472@gmail.com,123123123
user_name_473,user_email_473@gmail.com,123123123
user_name_474,user_email_474@gmail.com,123123123
user_name_475,user_email_475@gmail.com,123123123
user_name_476,user_email_476@gmail.com,123123123
user_name_477,user_email_477@gmail.com,123123123
user_name_478,user_email_478@gmail.com,123123123
user_name_479,user_email_479@gmail.com,123123123
user_name_480,user_email_480@gmail.com,123123123
user_name_481,user_email_481@gmail.com,123123123
user_name_482,user_email_482@gmail.com,123123123
user_name_483,user_email_483@gmail.com,123123123
user_name_484,user_email_484@gmail.com,123123123
user_name_485,user_email_485@gmail.com,123123123
user_name_486,user_email_486@gmail.com,123123123
user_name_487,user_email_487@gmail.com,123123123
user_name_488,user_email_488@gmail.com,123123123
user_name_489,user_email_489@gmail.com,123123123
user_name_490,user_email_490@gmail.com,123123123
user_name_491,user_email_491@gmail.com,123123123
user_name_492,user_email_492@gmail.com,123123123
user_name_493,user_email_493@gmail.com,123123123
user_name_494,user_email_494@gmail.com,123123123
user_name_495,user_email_495@gmail.com,123123123
user_name_496,user_email_496@gmail.com,123123123
user_name_497,user_email_497@gmail.com,123123123
user_name_498,user_email_498@gmail.com,123123123
user_name_499,user_email_499@gmail.com,123123123
user_name_500,user_email_500@gmail.com,123123123
user_name_501,user_email_501@gmail.com,123123123
user_name_502,user_email_502@gmail.com,123123123
user_name_503,user_email_503@gmail.com,123123123
user_name_504,user_email_504@gmail.com,123123123
user_name_505,user_email_505@gmail.com,123123123
user_name_506,user_email_506@gmail.com,123123123
user_name_507,user_email_507@gmail.com,123123123
user_name_508,user_email_508@gmail.com,123123123
user_name_509,user_email_509@gmail.com,123123123
user_name_510,user_email_510@gmail.com,123123123
user_name_511,user_email_511@gmail.com,123123123
user_name_512,user_email_512@gmail.com,123123123
user_name_513,user_email_513@gmail.com,123123123
user_name_514,user_email_514@gmail.com,123123123
user_name_515,user_email_515@gmail.com,123123123
user_name_516,user_email_516@gmail.com,123123123
user_name_517,user_email_517@gmail.com,123123123
user_name_518,user_email_518@gmail.com,123123123
user_name_519,user_email_519@gmail.com,123123123
user_name_520,user_email_520@gmail.com,123123123
user_name_521,user_email_521@gmail.com,123123123
user_name_522,user_email_522@gmail.com,123123123
user_name_523,user_email_523@gmail.com,123123123
user_name_524,user_email_524@gmail.com,123123123
user_name_525,user_email_525@gmail.com,123123123
user_name_526,user_email_526@gmail.com,123123123
user_name_527,user_email_527@gmail.com,123123123
user_name_528,user_email_528@gmail.com,123123123
user_name_529,user_email_529@gmail.com,123123123
user_name_530,user_email_530@gmail.com,123123123
user_name_531,user_email_531@gmail.com,123123123
user_name_532,user_email_532@gmail.com,123123123
user_name_533,user_email_533@gmail.com,123123123
user_name_534,user_email_534@gmail.com,123123123
user_name_535,user_email_535@gmail.com,123123123
user_name_536,user_email_536@gmail.com,123123123
user_name_537,user_email_537@gmail.com,123123123
user_name_538,user_email_538@gmail.com,123123123
user_name_539,user_email_539@gmail.com,123123123
user_name_540,user_email_540@gmail.com,123123123
user_name_541,user_email_541@gmail.com,123123123
user_name_542,user_email_542@gmail.com,123123123
user_name_543,user_email_543@gmail.com,123123123
user_name_544,user_email_544@gmail.com,123123123
user_name_545,user_email_545@gmail.com,123123123
user_name_546,user_email_546@gmail.com,123123123
user_name_547,user_email_547@gmail.com,123123123
user_name_548,user_email_548@gmail.com,123123123
user_name_549,user_email_549@gmail.com,123123123
user_name_550,user_email_550@gmail.com,123123123
user_name_551,user_email_551@gmail.com,123123123
user_name_552,user_email_552@gmail.com,123123123
user_name_553,user_email_553@gmail.com,123123123
user_name_554,user_email_554@gmail.com,123123123
user_name_555,user_email_555@gmail.com,123123123
user_name_556,user_email_556@gmail.com,123123123
user_name_557,user_email_557@gmail.com,123123123
user_name_558,user_email_558@gmail.com,123123123
user_name_559,user_email_559@gmail.com,123123123
user_name_560,user_email_560@gmail.com,123123123
user_name_561,user_email_561@gmail.com,123123123
user_name_562,user_email_562@gmail.com,123123123
user_name_563,user_email_563@gmail.com,123123123
user_name_564,user_email_564@gmail.com,123123123
user_name_565,user_email_565@gmail.com,123123123
user_name_566,user_email_566@gmail.com,123123123
user_name_567,user_email_567@gmail.com,123123123
user_name_568,user_email_568@gmail.com,123123123
user_name_569,user_email_569@gmail.com,123123123
user_name_570,user_email_570@gmail.com,123123123
user_name_571,user_email_571@gmail.com,123123123
user_name_572,user_email_572@gmail.com,123123123
user_name_573,user_email_573@gmail.com,123123123
user_name_574,user_email_574@gmail.com,123123123
user_name_575,user_email_575@gmail.com,123123123
user_name_576,user_email_576@gmail.com,123123123
user_name_577,user_email_577@gmail.com,123123123
user_name_578,user_email_578@gmail.com,123123123
user_name_579,user_email_579@gmail.com,123123123
user_name_580,user_email_580@gmail.com,123123123
user_name_581,user_email_581@gmail.com,123123123
user_name_582,user_email_582@gmail.com,123123123
user_name_583,user_email_583@gmail.com,123123123
user_name_584,user_email_584@gmail.com,123123123
user_name_585,user_email_585@gmail.com,123123123
user_name_586,user_email_586@gmail.com,123123123
user_name_587,user_email_587@gmail.com,123123123
user_name_588,user_email_588@gmail.com,123123123
user_name_589,user_email_589@gmail.com,123123123
user_name_590,user_email_590@gmail.com,123123123
user_name_591,user_email_591@gmail.com,123123123
user_name_592,user_email_592@gmail.com,123123123
user_name_593,user_email_593@gmail.com,123123123
user_name_594,user_email_594@gmail.com,123123123
user_name_595,user_email_595@gmail.com,123123123
user_name_596,user_email_596@gmail.com,123123123
user_name_597,user_email_597@gmail.com,123123123
user_name_598,user_email_598@gmail.com,123123123
user_name_599,user_email_599@gmail.com,123123123
user_name_600,user_email_600@gmail.com,123123123
user_name_601,user_email_601@gmail.com,123123123
user_name_602,user_email_602@gmail.com,123123123
user_name_603,user_email_603@gmail.com,123123123
user_name_604,user_email_604@gmail.com,123123123
user_name_605,user_email_605@gmail.com,123123123
user_name_606,user_email_606@gmail.com,123123123
user_name_607,user_email_607@gmail.com,123123123
user_name_608,user_email_608@gmail.com,123123123
user_name_609,user_email_609@gmail.com,123123123
user_name_610,user_email_610@gmail.com,123123123
user_name_611,user_email_611@gmail.com,123123123
user_name_612,user_email_612@gmail.com,123123123
user_name_613,user_email_613@gmail.com,123123123
user_name_614,user_email_614@gmail.com,123123123
user_name_615,user_email_615@gmail.com,123123123
user_name_616,user_email_616@gmail.com,123123123
user_name_617,user_email_617@gmail.com,123123123
user_name_618,user_email_618@gmail.com,123123123
user_name_619,user_email_619@gmail.com,123123123
user_name_620,user_email_620@gmail.com,123123123
user_name_621,user_email_621@gmail.com,123123123
user_name_622,user_email_622@gmail.com,123123123
user_name_623,user_email_623@gmail.com,123123123
user_name_624,user_email_624@gmail.com,123123123
user_name_625,user_email_625@gmail.com,123123123
user_name_626,user_email_626@gmail.com,123123123
user_name_627,user_email_627@gmail.com,123123123
user_name_628,user_email_628@gmail.com,123123123
user_name_629,user_email_629@gmail.com,123123123
user_name_630,user_email_630@gmail.com,123123123
user_name_631,user_email_631@gmail.com,123123123
user_name_632,user_email_632@gmail.com,123123123
user_name_633,user_email_633@gmail.com,123123123
user_name_634,user_email_634@gmail.com,123123123
user_name_635,user_email_635@gmail.com,123123123
user_name_636,user_email_636@gmail.com,123123123
user_name_637,user_email_637@gmail.com,123123123
user_name_638,user_email_638@gmail.com,123123123
user_name_639,user_email_639@gmail.com,123123123
user_name_640,user_email_640@gmail.com,123123123
user_name_641,user_email_641@gmail.com,123123123
user_name_642,user_email_642@gmail.com,123123123
user_name_643,user_email_643@gmail.com,123123123
user_name_644,user_email_644@gmail.com,123123123
user_name_645,user_email_645@gmail.com,123123123
user_name_646,user_email_646@gmail.com,123123123
user_name_647,user_email_647@gmail.com,123123123
user_name_648,user_email_648@gmail.com,123123123
user_name_649,user_email_649@gmail.com,123123123
user_name_650,user_email_650@gmail.com,123123123
user_name_651,user_email_651@gmail.com,123123123
user_name_652,user_email_652@gmail.com,123123123
user_name_653,user_email_653@gmail.com,123123123
user_name_654,user_email_654@gmail.com,123123123
user_name_655,user_email_655@gmail.com,123123123
user_name_656,user_email_656@gmail.com,123123123
user_name_657,user_email_657@gmail.com,123123123
user_name_658,user_email_658@gmail.com,123123123
user_name_659,user_email_659@gmail.com,123123123
user_name_660,user_email_660@gmail.com,123123123
user_name_661,user_email_661@gmail.com,123123123
user_name_662,user_email_662@gmail.com,123123123
user_name_663,user_email_663@gmail.com,123123123
user_name_664,user_email_664@gmail.com,123123123
user_name_665,user_email_665@gmail.com,123123123
user_name_666,user_email_666@gmail.com,123123123
user_name_667,user_email_667@gmail.com,123123123
user_name_668,user_email_668@gmail.com,123123123
user_name_669,user_email_669@gmail.com,123123123
user_name_670,user_email_670@gmail.com,123123123
user_name_671,user_email_671@gmail.com,123123123
user_name_672,user_email_672@gmail.com,123123123
user_name_673,user_email_673@gmail.com,123123123
user_name_674,user_email_674@gmail.com,123123123
user_name_675,user_email_675@gmail.com,123123123
user_name_676,user_email_676@gmail.com,123123123
user_name_677,user_email_677@gmail.com,123123123
user_name_678,user_email_678@gmail.com,123123123
user_name_679,user_email_679@gmail.com,123123123
user_name_680,user_email_680@gmail.com,123123123
user_name_681,user_email_681@gmail.com,123123123
user_name_682,user_email_682@gmail.com,123123123
user_name_683,user_email_683@gmail.com,123123123
user_name_684,user_email_684@gmail.com,123123123
user_name_685,user_email_685@gmail.com,123123123
user_name_686,user_email_686@gmail.com,123123123
user_name_687,user_email_687@gmail.com,123123123
user_name_688,user_email_688@gmail.com,123123123
user_name_689,user_email_689@gmail.com,123123123
user_name_690,user_email_690@gmail.com,123123123
user_name_691,user_email_691@gmail.com,123123123
user_name_692,user_email_692@gmail.com,123123123
user_name_693,user_email_693@gmail.com,123123123
user_name_694,user_email_694@gmail.com,123123123
user_name_695,user_email_695@gmail.com,123123123
user_name_696,user_email_696@gmail.com,123123123
user_name_697,user_email_697@gmail.com,123123123
user_name_698,user_email_698@gmail.com,123123123
user_name_699,user_email_699@gmail.com,123123123
user_name_700,user_email_700@gmail.com,123123123
user_name_701,user_email_701@gmail.com,123123123
user_name_702,user_email_702@gmail.com,123123123
user_name_703,user_email_703@gmail.com,123123123
user_name_704,user_email_704@gmail.com,123123123
user_name_705,user_email_705@gmail.com,123123123
user_name_706,user_email_706@gmail.com,123123123
user_name_707,user_email_707@gmail.com,123123123
user_name_708,user_email_708@gmail.com,123123123
user_name_709,user_email_709@gmail.com,123123123
user_name_710,user_email_710@gmail.com,123123123
user_name_711,user_email_711@gmail.com,123123123
user_name_712,user_email_712@gmail.com,123123123
user_name_713,user_email_713@gmail.com,123123123
user_name_714,user_email_714@gmail.com,123123123
user_name_715,user_email_715@gmail.com,123123123
user_name_716,user_email_716@gmail.com,123123123
user_name_717,user_email_717@gmail.com,123123123
user_name_718,user_email_718@gmail.com,123123123
user_name_719,user_email_719@gmail.com,123123123
user_name_720,user_email_720@gmail.com,123123123
user_name_721,user_email_721@gmail.com,123123123
user_name_722,user_email_722@gmail.com,123123123
user_name_723,user_email_723@gmail.com,123123123
user_name_724,user_email_724@gmail.com,123123123
user_name_725,user_email_725@gmail.com,123123123
user_name_726,user_email_726@gmail.com,123123123
user_name_727,user_email_727@gmail.com,123123123
user_name_728,user_email_728@gmail.com,123123123
user_name_729,user_email_729@gmail.com,123123123
user_name_730,user_email_730@gmail.com,123123123
user_name_731,user_email_731@gmail.com,123123123
user_name_732,user_email_732@gmail.com,123123123
user_name_733,user_email_733@gmail.com,123123123
user_name_734,user_email_734@gmail.com,123123123
user_name_735,user_email_735@gmail.com,123123123
user_name_736,user_email_736@gmail.com,123123123
user_name_737,user_email_737@gmail.com,123123123
user_name_738,user_email_738@gmail.com,123123123
user_name_739,user_email_739@gmail.com,123123123
user_name_740,user_email_740@gmail.com,123123123
user_name_741,user_email_741@gmail.com,123123123
user_name_742,user_email_742@gmail.com,123123123
user_name_743,user_email_743@gmail.com,123123123
user_name_744,user_email_744@gmail.com,123123123
user_name_745,user_email_745@gmail.com,123123123
user_name_746,user_email_746@gmail.com,123123123
user_name_747,user_email_747@gmail.com,123123123
user_name_748,user_email_748@gmail.com,123123123
user_name_749,user_email_749@gmail.com,123123123
user_name_750,user_email_750@gmail.com,123123123
user_name_751,user_email_751@gmail.com,123123123
user_name_752,user_email_752@gmail.com,123123123
user_name_753,user_email_753@gmail.com,123123123
user_name_754,user_email_754@gmail.com,123123123
user_name_755,user_email_755@gmail.com,123123123
user_name_756,user_email_756@gmail.com,123123123
user_name_757,user_email_757@gmail.com,123123123
user_name_758,user_email_758@gmail.com,123123123
user_name_759,user_email_759@gmail.com,123123123
user_name_760,user_email_760@gmail.com,123123123
user_name_761,user_email_761@gmail.com,123123123
user_name_762,user_email_762@gmail.com,123123123
user_name_763,user_email_763@gmail.com,123123123
user_name_764,user_email_764@gmail.com,123123123
user_name_765,user_email_765@gmail.com,123123123
user_name_766,user_email_766@gmail.com,123123123
user_name_767,user_email_767@gmail.com,123123123
user_name_768,user_email_768@gmail.com,123123123
user_name_769,user_email_769@gmail.com,123123123
user_name_770,user_email_770@gmail.com,123123123
user_name_771,user_email_771@gmail.com,123123123
user_name_772,user_email_772@gmail.com,123123123
user_name_773,user_email_773@gmail.com,123123123
user_name_774,user_email_774@gmail.com,123123123
user_name_775,user_email_775@gmail.com,123123123
user_name_776,user_email_776@gmail.com,123123123
user_name_777,user_email_777@gmail.com,123123123
user_name_778,user_email_778@gmail.com,123123123
user_name_779,user_email_779@gmail.com,123123123
user_name_780,user_email_780@gmail.com,123123123
user_name_781,user_email_781@gmail.com,123123123
user_name_782,user_email_782@gmail.com,123123123
user_name_783,user_email_783@gmail.com,123123123
user_name_784,user_email_784@gmail.com,123123123
user_name_785,user_email_785@gmail.com,123123123
user_name_786,user_email_786@gmail.com,123123123
user_name_787,user_email_787@gmail.com,123123123
user_name_788,user_email_788@gmail.com,123123123
user_name_789,user_email_789@gmail.com,123123123
user_name_790,user_email_790@gmail.com,123123123
user_name_791,user_email_791@gmail.com,123123123
user_name_792,user_email_792@gmail.com,123123123
user_name_793,user_email_793@gmail.com,123123123
user_name_794,user_email_794@gmail.com,123123123
user_name_795,user_email_795@gmail.com,123123123
user_name_796,user_email_796@gmail.com,123123123
user_name_797,user_email_797@gmail.com,123123123
user_name_798,user_email_798@gmail.com,123123123
user_name_799,user_email_799@gmail.com,123123123
user_name_800,user_email_800@gmail.com,123123123
user_name_801,user_email_801@gmail.com,123123123
user_name_802,user_email_802@gmail.com,123123123
user_name_803,user_email_803@gmail.com,123123123
user_name_804,user_email_804@gmail.com,123123123
user_name_805,user_email_805@gmail.com,123123123
user_name_806,user_email_806@gmail.com,123123123
user_name_807,user_email_807@gmail.com,123123123
user_name_808,user_email_808@gmail.com,123123123
user_name_809,user_email_809@gmail.com,123123123
user_name_810,user_email_810@gmail.com,123123123
user_name_811,user_email_811@gmail.com,123123123
user_name_812,user_email_812@gmail.com,123123123
user_name_813,user_email_813@gmail.com,123123123
user_name_814,user_email_814@gmail.com,123123123
user_name_815,user_email_815@gmail.com,123123123
user_name_816,user_email_816@gmail.com,123123123
user_name_817,user_email_817@gmail.com,123123123
user_name_818,user_email_818@gmail.com,123123123
user_name_819,user_email_819@gmail.com,123123123
user_name_820,user_email_820@gmail.com,123123123
user_name_821,user_email_821@gmail.com,123123123
user_name_822,user_email_822@gmail.com,123123123
user_name_823,user_email_823@gmail.com,123123123
user_name_824,user_email_824@gmail.com,123123123
user_name_825,user_email_825@gmail.com,123123123
user_name_826,user_email_826@gmail.com,123123123
user_name_827,user_email_827@gmail.com,123123123
user_name_828,user_email_828@gmail.com,123123123
user_name_829,user_email_829@gmail.com,123123123
user_name_830,user_email_830@gmail.com,123123123
user_name_831,user_email_831@gmail.com,123123123
user_name_832,user_email_832@gmail.com,123123123
user_name_833,user_email_833@gmail.com,123123123
user_name_834,user_email_834@gmail.com,123123123
user_name_835,user_email_835@gmail.com,123123123
user_name_836,user_email_836@gmail.com,123123123
user_name_837,user_email_837@gmail.com,123123123
user_name_838,user_email_838@gmail.com,123123123
user_name_839,user_email_839@gmail.com,123123123
user_name_840,user_email_840@gmail.com,123123123
user_name_841,user_email_841@gmail.com,123123123
user_name_842,user_email_842@gmail.com,123123123
user_name_843,user_email_843@gmail.com,123123123
user_name_844,user_email_844@gmail.com,123123123
user_name_845,user_email_845@gmail.com,123123123
user_name_846,user_email_846@gmail.com,123123123
user_name_847,user_email_847@gmail.com,123123123
user_name_848,user_email_848@gmail.com,123123123
user_name_849,user_email_849@gmail.com,123123123
user_name_850,user_email_850@gmail.com,123123123
user_name_851,user_email_851@gmail.com,123123123
user_name_852,user_email_852@gmail.com,123123123
user_name_853,user_email_853@gmail.com,123123123
user_name_854,user_email_854@gmail.com,123123123
user_name_855,user_email_855@gmail.com,123123123
user_name_856,user_email_856@gmail.com,123123123
user_name_857,user_email_857@gmail.com,123123123
user_name_858,user_email_858@gmail.com,123123123
user_name_859,user_email_859@gmail.com,123123123
user_name_860,user_email_860@gmail.com,123123123
user_name_861,user_email_861@gmail.com,123123123
user_name_862,user_email_862@gmail.com,123123123
user_name_863,user_email_863@gmail.com,123123123
user_name_864,user_email_864@gmail.com,123123123
user_name_865,user_email_865@gmail.com,123123123
user_name_866,user_email_866@gmail.com,123123123
user_name_867,user_email_867@gmail.com,123123123
user_name_868,user_email_868@gmail.com,123123123
user_name_869,user_email_869@gmail.com,123123123
user_name_870,user_email_870@gmail.com,123123123
user_name_871,user_email_871@gmail.com,123123123
user_name_872,user_email_872@gmail.com,123123123
user_name_873,user_email_873@gmail.com,123123123
user_name_874,user_email_874@gmail.com,123123123
user_name_875,user_email_875@gmail.com,123123123
user_name_876,user_email_876@gmail.com,123123123
user_name_877,user_email_877@gmail.com,123123123
user_name_878,user_email_878@gmail.com,123123123
user_name_879,user_email_879@gmail.com,123123123
user_name_880,user_email_880@gmail.com,123123123
user_name_881,user_email_881@gmail.com,123123123
user_name_882,user_email_882@gmail.com,123123123
user_name_883,user_email_883@gmail.com,123123123
user_name_884,user_email_884@gmail.com,123123123
user_name_885,user_email_885@gmail.com,123123123
user_name_886,user_email_886@gmail.com,123123123
user_name_887,user_email_887@gmail.com,123123123
user_name_888,user_email_888@gmail.com,123123123
user_name_889,user_email_889@gmail.com,123123123
user_name_890,user_email_890@gmail.com,123123123
user_name_891,user_email_891@gmail.com,123123123
user_name_892,user_email_892@gmail.com,123123123
user_name_893,user_email_893@gmail.com,123123123
user_name_894,user_email_894@gmail.com,123123123
user_name_895,user_email_895@gmail.com,123123123
user_name_896,user_email_896@gmail.com,123123123
user_name_897,user_email_897@gmail.com,123123123
user_name_898,user_email_898@gmail.com,123123123
user_name_899,user_email_899@gmail.com,123123123
user_name_900,user_email_900@gmail.com,123123123
user_name_901,user_email_901@gmail.com,123123123
user_name_902,user_email_902@gmail.com,123123123
user_name_903,user_email_903@gmail.com,123123123
user_name_904,user_email_904@gmail.com,123123123
user_name_905,user_email_905@gmail.com,123123123
user_name_906,user_email_906@gmail.com,123123123
user_name_907,user_email_907@gmail.com,123123123
user_name_908,user_email_908@gmail.com,123123123
user_name_909,user_email_909@gmail.com,123123123
user_name_910,user_email_910@gmail.com,123123123
user_name_911,user_email_911@gmail.com,123123123
user_name_912,user_email_912@gmail.com,123123123
user_name_913,user_email_913@gmail.com,123123123
user_name_914,user_email_914@gmail.com,123123123
user_name_915,user_email_915@gmail.com,123123123
user_name_916,user_email_916@gmail.com,123123123
user_name_917,user_email_917@gmail.com,123123123
user_name_918,user_email_918@gmail.com,123123123
user_name_919,user_email_919@gmail.com,123123123
user_name_920,user_email_920@gmail.com,123123123
user_name_921,user_email_921@gmail.com,123123123
user_name_922,user_email_922@gmail.com,123123123
user_name_923,user_email_923@gmail.com,123123123
user_name_924,user_email_924@gmail.com,123123123
user_name_925,user_email_925@gmail.com,123123123
user_name_926,user_email_926@gmail.com,123123123
user_name_927,user_email_927@gmail.com,123123123
user_name_928,user_email_928@gmail.com,123123123
user_name_929,user_email_929@gmail.com,123123123
user_name_930,user_email_930@gmail.com,123123123
user_name_931,user_email_931@gmail.com,123123123
user_name_932,user_email_932@gmail.com,123123123
user_name_933,user_email_933@gmail.com,123123123
user_name_934,user_email_934@gmail.com,123123123
user_name_935,user_email_935@gmail.com,123123123
user_name_936,user_email_936@gmail.com,123123123
user_name_937,user_email_937@gmail.com,123123123
user_name_938,user_email_938@gmail.com,123123123
user_name_939,user_email_939@gmail.com,123123123
user_name_940,user_email_940@gmail.com,123123123
user_name_941,user_email_941@gmail.com,123123123
user_name_942,user_email_942@gmail.com,123123123
user_name_943,user_email_943@gmail.com,123123123
user_name_944,user_email_944@gmail.com,123123123
user_name_945,user_email_945@gmail.com,123123123
user_name_946,user_email_946@gmail.com,123123123
user_name_947,user_email_947@gmail.com,123123123
user_name_948,user_email_948@gmail.com,123123123
user_name_949,user_email_949@gmail.com,123123123
user_name_950,user_email_950@gmail.com,123123123
user_name_951,user_email_951@gmail.com,123123123
user_name_952,user_email_952@gmail.com,123123123
user_name_953,user_email_953@gmail.com,123123123
user_name_954,user_email_954@gmail.com,123123123
user_name_955,user_email_955@gmail.com,123123123
user_name_956,user_email_956@gmail.com,123123123
user_name_957,user_email_957@gmail.com,123123123
user_name_958,user_email_958@gmail.com,123123123
user_name_959,user_email_959@gmail.com,123123123
user_name_960,user_email_960@gmail.com,123123123
user_name_961,user_email_961@gmail.com,123123123
user_name_962,user_email_962@gmail.com,123123123
user_name_963,user_email_963@gmail.com,123123123
user_name_964,user_email_964@gmail.com,123123123
user_name_965,user_email_965@gmail.com,123123123
user_name_966,user_email_966@gmail.com,123123123
user_name_967,user_email_967@gmail.com,123123123
user_name_968,user_email_968@gmail.com,123123123
user_name_969,user_email_969@gmail.com,123123123
user_name_970,user_email_970@gmail.com,123123123
user_name_971,user_email_971@gmail.com,123123123
user_name_972,user_email_972@gmail.com,123123123
user_name_973,user_email_973@gmail.com,123123123
user_name_974,user_email_974@gmail.com,123123123
user_name_975,user_email_975@gmail.com,123123123
user_name_976,user_email_976@gmail.com,123123123
user_name_977,user_email_977@gmail.com,123123123
user_name_978,user_email_978@gmail.com,123123123
user_name_979,user_email_979@gmail.com,123123123
user_name_980,user_email_980@gmail.com,123123123
user_name_981,user_email_981@gmail.com,123123123
user_name_982,user_email_982@gmail.com,123123123
user_name_983,user_email_983@gmail.com,123123123
user_name_984,user_email_984@gmail.com,123123123
user_name_985,user_email_985@gmail.com,123123123
user_name_986,user_email_986@gmail.com,123123123
user_name_987,user_email_987@gmail.com,123123123
user_name_988,user_email_988@gmail.com,123123123
user_name_989,user_email_989@gmail.com,123123123
user_name_990,user_email_990@gmail.com,123123123
user_name_991,user_email_991@gmail.com,123123123
user_name_992,user_email_992@gmail.com,123123123
user_name_993,user_email_993@gmail.com,123123123
user_name_994,user_email_994@gmail.com,123123123
user_name_995,user_email_995@gmail.com,123123123
user_name_996,user_email_996@gmail.com,123123123
user_name_997,user_email_997@gmail.com,123123123
user_name_998,user_email_998@gmail.com,123123123
user_name_999,user_email_999@gmail.com,123123123
user_name_1000,user_email_1000@gmail.com,123123123
